{
    "Anger": 0.0013322612503543496,
    "Joy": 0.868027925491333,
    "Sadness": 0.000832052668556571
}